Workbook

Sheet 参数
A1: 木桩与队伍参数（黄色为可输入）
A3: 木桩参数
A4: 现实防御 | B4: 1300
A5: 精神防御 | B5: 1300
A6: 抗爆率 % | B6: 0
A7: 暴击防御 % | B7: 20
A8: 受创减免 % | B8: 30
A9: 克制系数 % | B9: 30
A10: 木桩灵感 | B10: 智
A11: 队伍通用
A12: 最终增伤 % | B12: 0
A13: 最终免伤 % | B13: 0
A14: 灵犀层数 | B14: 5
A15: 灵犀每层克制 % | B15: 4
A16: 队伍创伤加成buff
A17: 创伤加成提高（J大招）% | B17: 87.5
A18: 加护创伤加成 % | B18: 30
A19: 昨日雨声轻创伤加成 % | B19: 14.4
A20: 反击创伤加成 % | B20: 0
A21: 队伍威力/暴创buff
A22: 群鸟之歌术法威力 % | B22: 30
A23: 群鸟之歌仪式威力 % | B23: 30
A24: 昨日雨声轻暴击创伤 % | B24: 16
A25: 家庭指导员暴击创伤 % | B25: 30
A26: 受创减免提高 %（防御用，不参与我方输出） | B26: 0
A28: 角色状态（参考输入，用于填写倍率/战备/灵犀等）
A29: 虚构集 独白层数 | B29: 5
A30: 虚构集 群像层数 | B30: 25
A31: 虚构集 筹备层数 | B31: 0
A32: 莫莉德尔 战备层数 | B32: 50
A33: 莫莉德尔 战备部署层数 | B33: 1
A34: 小瑞安侬 默契同调层数 | B34: 0
A35: 小瑞安侬 加护层数 | B35: 1
A36: J 燃烧层数 | B36: 0
A37: J 热处理护盾层数 | B37: 0
A38: 小瑞安侬 尘酿鹰层数 | B38: 1

Sheet 角色属性
A1: 角色 | B1: 进战攻击 | C1: 暴击率% | D1: 暴击创伤% | E1: 术法威力% | F1: 仪式威力% | G1: 基础创伤加成% | H1: 穿透% | I1: 伤害类型
A2: 虚构集 | B2: 2229 | C2: 54.2 | D2: 166.8 | E2: 0 | F2: 30 | G2: 6.5 | H2: 0 | I2: 现实
A3: 莫莉德尔 | B3: 1651 | C3: 41.5 | D3: 164 | E3: 0 | F3: 0 | G3: 20.5 | H3: 0 | I3: 现实
A4: 小瑞安侬 | B4: 2267 | C4: 33.5 | D4: 161 | E4: 0 | F4: 0 | G4: 0 | H4: 0 | I4: 精神
A5: J | B5: 1803 | C5: 65.7 | D5: 171.8 | E5: 0 | F5: 0 | G5: 17.5 | H5: 0 | I5: 现实

Sheet 行动计算
A1: 角色 | B1: 行动 | C1: 生效(1/0) | D1: 倍率% | E1: 防御类型(现实=1/精神=0) | F1: 进战攻击 | G1: 攻击提升% | H1: 攻击降低% | I1: 进战防御 | J1: 防御提升% | K1: 防御降低% | L1: 穿透% | M1: 基础创伤加成% | N1: J大招创伤% | O1: 加护创伤% | P1: 昨日创伤% | Q1: 战备层数 | R1: 战备每层% | S1: 反击创伤% | T1: 我方创伤合计% | U1: 敌方受创减免% | V1: 是否暴击(1/0) | W1: 暴击率% | X1: 敌方抗爆% | Y1: 暴击创伤% | Z1: 敌方暴防% | AA1: 威力类型(术法=1/仪式=2) | AB1: 术法威力% | AC1: 仪式威力% | AD1: 是否克制(1/0) | AE1: 基础克制系数% | AF1: 灵犀层数 | AG1: 其他克制% | AH1: 最终增伤% | AI1: 最终免伤% | AJ1: 攻防项 | AK1: 创伤项 | AL1: 暴创项 | AM1: 威力项 | AN1: 克制项 | AO1: 最终项 | AP1: 伤害
A2: 虚构集 | B2: 字的隐喻 1阶 | C2: 0 | D2: 100 | E2: 1 | F2: =VLOOKUP($A2,'角色属性'!$A$2:$I$5,2,0) | G2: 0 | H2: 0 | I2: =IF($E2=1,'参数'!$B$4,'参数'!$B$5) | J2: 0 | K2: 0 | L2: =VLOOKUP($A2,'角色属性'!$A$2:$I$5,8,0) | M2: =VLOOKUP($A2,'角色属性'!$A$2:$I$5,7,0) | N2: ='参数'!$B$17 | O2: ='参数'!$B$18 | P2: ='参数'!$B$19 | Q2: 0 | R2: 2 | S2: =IF(OR(ISNUMBER(SEARCH("反击",$B2)),$B2="高温回火"),'参数'!$B$20,0) | T2: =M2+N2+O2+P2+Q2*R2+S2 | U2: ='参数'!$B$8 | V2: 0 | W2: =VLOOKUP($A2,'角色属性'!$A$2:$I$5,3,0) | X2: ='参数'!$B$6 | Y2: =VLOOKUP($A2,'角色属性'!$A$2:$I$5,4,0)+'参数'!$B$24+'参数'!$B$25 | Z2: ='参数'!$B$7 | AA2: 1 | AB2: =VLOOKUP($A2,'角色属性'!$A$2:$I$5,5,0)+'参数'!$B$22 | AC2: =VLOOKUP($A2,'角色属性'!$A$2:$I$5,6,0)+'参数'!$B$23 | AD2: 0 | AE2: ='参数'!$B$9 | AF2: ='参数'!$B$14 | AG2: 0 | AH2: ='参数'!$B$12 | AI2: ='参数'!$B$13 | AJ2: =MAX(F2*(1+(G2-H2)/100)-I2*(1+(J2-K2)/100)*(1-L2/100),F2*0.1) | AK2: =MAX(1+(T2-U2)/100,0.3) | AL2: =IF(V2=1,MAX(1,(Y2-Z2)/100),1) | AM2: =MAX(1,1+IF(AA2=1,AB2,AC2)/100) | AN2: =1+IF(AD2=1,AE2,0)/100+AF2*'参数'!$B$15/100+AG2/100 | AO2: =1+(AH2-AI2)/100 | AP2: =IF(C2=0,0,FLOOR(D2/100*AJ2*AK2*AL2*AM2*AN2*AO2,1))
A3: 虚构集 | B3: 词的意象 1阶 | C3: 0 | D3: 120 | E3: 1 | F3: =VLOOKUP($A3,'角色属性'!$A$2:$I$5,2,0) | G3: 0 | H3: 0 | I3: =IF($E3=1,'参数'!$B$4,'参数'!$B$5) | J3: 0 | K3: 0 | L3: =VLOOKUP($A3,'角色属性'!$A$2:$I$5,8,0) | M3: =VLOOKUP($A3,'角色属性'!$A$2:$I$5,7,0) | N3: ='参数'!$B$17 | O3: ='参数'!$B$18 | P3: ='参数'!$B$19 | Q3: 0 | R3: 2 | S3: =IF(OR(ISNUMBER(SEARCH("反击",$B3)),$B3="高温回火"),'参数'!$B$20,0) | T3: =M3+N3+O3+P3+Q3*R3+S3 | U3: ='参数'!$B$8 | V3: 0 | W3: =VLOOKUP($A3,'角色属性'!$A$2:$I$5,3,0) | X3: ='参数'!$B$6 | Y3: =VLOOKUP($A3,'角色属性'!$A$2:$I$5,4,0)+'参数'!$B$24+'参数'!$B$25 | Z3: ='参数'!$B$7 | AA3: 1 | AB3: =VLOOKUP($A3,'角色属性'!$A$2:$I$5,5,0)+'参数'!$B$22 | AC3: =VLOOKUP($A3,'角色属性'!$A$2:$I$5,6,0)+'参数'!$B$23 | AD3: 0 | AE3: ='参数'!$B$9 | AF3: ='参数'!$B$14 | AG3: 0 | AH3: ='参数'!$B$12 | AI3: ='参数'!$B$13 | AJ3: =MAX(F3*(1+(G3-H3)/100)-I3*(1+(J3-K3)/100)*(1-L3/100),F3*0.1) | AK3: =MAX(1+(T3-U3)/100,0.3) | AL3: =IF(V3=1,MAX(1,(Y3-Z3)/100),1) | AM3: =MAX(1,1+IF(AA3=1,AB3,AC3)/100) | AN3: =1+IF(AD3=1,AE3,0)/100+AF3*'参数'!$B$15/100+AG3/100 | AO3: =1+(AH3-AI3)/100 | AP3: =IF(C3=0,0,FLOOR(D3/100*AJ3*AK3*AL3*AM3*AN3*AO3,1))
A4: 虚构集 | B4: 下现实主义迷宫(全体) | C4: 1 | D4: 2150 | E4: 1 | F4: =VLOOKUP($A4,'角色属性'!$A$2:$I$5,2,0) | G4: 0 | H4: 0 | I4: =IF($E4=1,'参数'!$B$4,'参数'!$B$5) | J4: 0 | K4: 0 | L4: =VLOOKUP($A4,'角色属性'!$A$2:$I$5,8,0) | M4: =VLOOKUP($A4,'角色属性'!$A$2:$I$5,7,0) | N4: ='参数'!$B$17 | O4: ='参数'!$B$18 | P4: ='参数'!$B$19 | Q4: =IF($AA4=2,'参数'!$B$32,0) | R4: 2 | S4: =IF(OR(ISNUMBER(SEARCH("反击",$B4)),$B4="高温回火"),'参数'!$B$20,0) | T4: =M4+N4+O4+P4+Q4*R4+S4 | U4: ='参数'!$B$8 | V4: 0 | W4: =VLOOKUP($A4,'角色属性'!$A$2:$I$5,3,0) | X4: ='参数'!$B$6 | Y4: 232.8 | Z4: ='参数'!$B$7 | AA4: 2 | AB4: =VLOOKUP($A4,'角色属性'!$A$2:$I$5,5,0)+'参数'!$B$22 | AC4: 168 | AD4: 0 | AE4: ='参数'!$B$9 | AF4: ='参数'!$B$14 | AG4: 0 | AH4: ='参数'!$B$12 | AI4: ='参数'!$B$13 | AJ4: =MAX(F4*(1+(G4-H4)/100)-I4*(1+(J4-K4)/100)*(1-L4/100),F4*0.1) | AK4: =MAX(1+(T4-U4)/100,0.3) | AL4: =IF(V4=1,MAX(1,(Y4-Z4)/100),1) | AM4: =MAX(1,1+IF(AA4=1,AB4,AC4)/100) | AN4: =1+IF(AD4=1,AE4,0)/100+AF4*'参数'!$B$15/100+AG4/100 | AO4: =1+(AH4-AI4)/100 | AP4: =IF(C4=0,0,FLOOR(D4/100*AJ4*AK4*AL4*AM4*AN4*AO4,1))
A5: 虚构集 | B5: 下现实主义迷宫(主目标额外) | C5: 1 | D5: 2650 | E5: 1 | F5: =VLOOKUP($A5,'角色属性'!$A$2:$I$5,2,0) | G5: 0 | H5: 0 | I5: =IF($E5=1,'参数'!$B$4,'参数'!$B$5) | J5: 0 | K5: 0 | L5: =VLOOKUP($A5,'角色属性'!$A$2:$I$5,8,0) | M5: =VLOOKUP($A5,'角色属性'!$A$2:$I$5,7,0) | N5: ='参数'!$B$17 | O5: ='参数'!$B$18 | P5: ='参数'!$B$19 | Q5: =IF($AA5=2,'参数'!$B$32,0) | R5: 2 | S5: =IF(OR(ISNUMBER(SEARCH("反击",$B5)),$B5="高温回火"),'参数'!$B$20,0) | T5: =M5+N5+O5+P5+Q5*R5+S5 | U5: ='参数'!$B$8 | V5: 0 | W5: =VLOOKUP($A5,'角色属性'!$A$2:$I$5,3,0) | X5: ='参数'!$B$6 | Y5: 232.8 | Z5: ='参数'!$B$7 | AA5: 2 | AB5: =VLOOKUP($A5,'角色属性'!$A$2:$I$5,5,0)+'参数'!$B$22 | AC5: 168 | AD5: 0 | AE5: ='参数'!$B$9 | AF5: ='参数'!$B$14 | AG5: 0 | AH5: ='参数'!$B$12 | AI5: ='参数'!$B$13 | AJ5: =MAX(F5*(1+(G5-H5)/100)-I5*(1+(J5-K5)/100)*(1-L5/100),F5*0.1) | AK5: =MAX(1+(T5-U5)/100,0.3) | AL5: =IF(V5=1,MAX(1,(Y5-Z5)/100),1) | AM5: =MAX(1,1+IF(AA5=1,AB5,AC5)/100) | AN5: =1+IF(AD5=1,AE5,0)/100+AF5*'参数'!$B$15/100+AG5/100 | AO5: =1+(AH5-AI5)/100 | AP5: =IF(C5=0,0,FLOOR(D5/100*AJ5*AK5*AL5*AM5*AN5*AO5,1))
A6: 虚构集 | B6: 虚构故事集(目标仪式) | C6: 0 | D6: 400 | E6: 1 | F6: =VLOOKUP($A6,'角色属性'!$A$2:$I$5,2,0) | G6: 0 | H6: 0 | I6: =IF($E6=1,'参数'!$B$4,'参数'!$B$5) | J6: 0 | K6: 0 | L6: =VLOOKUP($A6,'角色属性'!$A$2:$I$5,8,0) | M6: =VLOOKUP($A6,'角色属性'!$A$2:$I$5,7,0) | N6: ='参数'!$B$17 | O6: ='参数'!$B$18 | P6: ='参数'!$B$19 | Q6: =IF($AA6=2,'参数'!$B$32,0) | R6: 2 | S6: =IF(OR(ISNUMBER(SEARCH("反击",$B6)),$B6="高温回火"),'参数'!$B$20,0) | T6: =M6+N6+O6+P6+Q6*R6+S6 | U6: ='参数'!$B$8 | V6: 0 | W6: =VLOOKUP($A6,'角色属性'!$A$2:$I$5,3,0) | X6: ='参数'!$B$6 | Y6: =VLOOKUP($A6,'角色属性'!$A$2:$I$5,4,0)+'参数'!$B$24+'参数'!$B$25 | Z6: ='参数'!$B$7 | AA6: 2 | AB6: =VLOOKUP($A6,'角色属性'!$A$2:$I$5,5,0)+'参数'!$B$22 | AC6: =VLOOKUP($A6,'角色属性'!$A$2:$I$5,6,0)+'参数'!$B$23 | AD6: 0 | AE6: ='参数'!$B$9 | AF6: ='参数'!$B$14 | AG6: 0 | AH6: ='参数'!$B$12 | AI6: ='参数'!$B$13 | AJ6: =MAX(F6*(1+(G6-H6)/100)-I6*(1+(J6-K6)/100)*(1-L6/100),F6*0.1) | AK6: =MAX(1+(T6-U6)/100,0.3) | AL6: =IF(V6=1,MAX(1,(Y6-Z6)/100),1) | AM6: =MAX(1,1+IF(AA6=1,AB6,AC6)/100) | AN6: =1+IF(AD6=1,AE6,0)/100+AF6*'参数'!$B$15/100+AG6/100 | AO6: =1+(AH6-AI6)/100 | AP6: =IF(C6=0,0,FLOOR(D6/100*AJ6*AK6*AL6*AM6*AN6*AO6,1))
A7: 莫莉德尔 | B7: 将过往摧毁 1阶 | C7: 0 | D7: 100 | E7: 1 | F7: =VLOOKUP($A7,'角色属性'!$A$2:$I$5,2,0) | G7: 0 | H7: 0 | I7: =IF($E7=1,'参数'!$B$4,'参数'!$B$5) | J7: 0 | K7: 0 | L7: =VLOOKUP($A7,'角色属性'!$A$2:$I$5,8,0) | M7: =VLOOKUP($A7,'角色属性'!$A$2:$I$5,7,0) | N7: ='参数'!$B$17 | O7: ='参数'!$B$18 | P7: ='参数'!$B$19 | Q7: 0 | R7: 2 | S7: =IF(OR(ISNUMBER(SEARCH("反击",$B7)),$B7="高温回火"),'参数'!$B$20,0) | T7: =M7+N7+O7+P7+Q7*R7+S7 | U7: ='参数'!$B$8 | V7: 0 | W7: =VLOOKUP($A7,'角色属性'!$A$2:$I$5,3,0) | X7: ='参数'!$B$6 | Y7: =VLOOKUP($A7,'角色属性'!$A$2:$I$5,4,0)+'参数'!$B$24+'参数'!$B$25 | Z7: ='参数'!$B$7 | AA7: 1 | AB7: =VLOOKUP($A7,'角色属性'!$A$2:$I$5,5,0)+'参数'!$B$22 | AC7: =VLOOKUP($A7,'角色属性'!$A$2:$I$5,6,0)+'参数'!$B$23 | AD7: 0 | AE7: ='参数'!$B$9 | AF7: ='参数'!$B$14 | AG7: 0 | AH7: ='参数'!$B$12 | AI7: ='参数'!$B$13 | AJ7: =MAX(F7*(1+(G7-H7)/100)-I7*(1+(J7-K7)/100)*(1-L7/100),F7*0.1) | AK7: =MAX(1+(T7-U7)/100,0.3) | AL7: =IF(V7=1,MAX(1,(Y7-Z7)/100),1) | AM7: =MAX(1,1+IF(AA7=1,AB7,AC7)/100) | AN7: =1+IF(AD7=1,AE7,0)/100+AF7*'参数'!$B$15/100+AG7/100 | AO7: =1+(AH7-AI7)/100 | AP7: =IF(C7=0,0,FLOOR(D7/100*AJ7*AK7*AL7*AM7*AN7*AO7,1))
A8: 莫莉德尔 | B8: 将明日弥合 | C8: 0 | D8: 0 | E8: 1 | F8: =VLOOKUP($A8,'角色属性'!$A$2:$I$5,2,0) | G8: 0 | H8: 0 | I8: =IF($E8=1,'参数'!$B$4,'参数'!$B$5) | J8: 0 | K8: 0 | L8: =VLOOKUP($A8,'角色属性'!$A$2:$I$5,8,0) | M8: =VLOOKUP($A8,'角色属性'!$A$2:$I$5,7,0) | N8: ='参数'!$B$17 | O8: ='参数'!$B$18 | P8: ='参数'!$B$19 | Q8: 0 | R8: 2 | S8: =IF(OR(ISNUMBER(SEARCH("反击",$B8)),$B8="高温回火"),'参数'!$B$20,0) | T8: =M8+N8+O8+P8+Q8*R8+S8 | U8: ='参数'!$B$8 | V8: 0 | W8: =VLOOKUP($A8,'角色属性'!$A$2:$I$5,3,0) | X8: ='参数'!$B$6 | Y8: =VLOOKUP($A8,'角色属性'!$A$2:$I$5,4,0)+'参数'!$B$24+'参数'!$B$25 | Z8: ='参数'!$B$7 | AA8: 1 | AB8: =VLOOKUP($A8,'角色属性'!$A$2:$I$5,5,0)+'参数'!$B$22 | AC8: =VLOOKUP($A8,'角色属性'!$A$2:$I$5,6,0)+'参数'!$B$23 | AD8: 0 | AE8: ='参数'!$B$9 | AF8: ='参数'!$B$14 | AG8: 0 | AH8: ='参数'!$B$12 | AI8: ='参数'!$B$13 | AJ8: =MAX(F8*(1+(G8-H8)/100)-I8*(1+(J8-K8)/100)*(1-L8/100),F8*0.1) | AK8: =MAX(1+(T8-U8)/100,0.3) | AL8: =IF(V8=1,MAX(1,(Y8-Z8)/100),1) | AM8: =MAX(1,1+IF(AA8=1,AB8,AC8)/100) | AN8: =1+IF(AD8=1,AE8,0)/100+AF8*'参数'!$B$15/100+AG8/100 | AO8: =1+(AH8-AI8)/100 | AP8: =IF(C8=0,0,FLOOR(D8/100*AJ8*AK8*AL8*AM8*AN8*AO8,1))
A9: 莫莉德尔 | B9: 不再迷失的归途者(主动) | C9: 0 | D9: 400 | E9: 1 | F9: =VLOOKUP($A9,'角色属性'!$A$2:$I$5,2,0) | G9: 0 | H9: 0 | I9: =IF($E9=1,'参数'!$B$4,'参数'!$B$5) | J9: 0 | K9: 0 | L9: =VLOOKUP($A9,'角色属性'!$A$2:$I$5,8,0) | M9: =VLOOKUP($A9,'角色属性'!$A$2:$I$5,7,0) | N9: ='参数'!$B$17 | O9: ='参数'!$B$18 | P9: ='参数'!$B$19 | Q9: =IF($AA9=2,'参数'!$B$32,0) | R9: 2 | S9: =IF(OR(ISNUMBER(SEARCH("反击",$B9)),$B9="高温回火"),'参数'!$B$20,0) | T9: =M9+N9+O9+P9+Q9*R9+S9 | U9: ='参数'!$B$8 | V9: 0 | W9: =VLOOKUP($A9,'角色属性'!$A$2:$I$5,3,0) | X9: ='参数'!$B$6 | Y9: =VLOOKUP($A9,'角色属性'!$A$2:$I$5,4,0)+'参数'!$B$24+'参数'!$B$25 | Z9: ='参数'!$B$7 | AA9: 2 | AB9: =VLOOKUP($A9,'角色属性'!$A$2:$I$5,5,0)+'参数'!$B$22 | AC9: =VLOOKUP($A9,'角色属性'!$A$2:$I$5,6,0)+'参数'!$B$23 | AD9: 0 | AE9: ='参数'!$B$9 | AF9: ='参数'!$B$14 | AG9: 0 | AH9: ='参数'!$B$12 | AI9: ='参数'!$B$13 | AJ9: =MAX(F9*(1+(G9-H9)/100)-I9*(1+(J9-K9)/100)*(1-L9/100),F9*0.1) | AK9: =MAX(1+(T9-U9)/100,0.3) | AL9: =IF(V9=1,MAX(1,(Y9-Z9)/100),1) | AM9: =MAX(1,1+IF(AA9=1,AB9,AC9)/100) | AN9: =1+IF(AD9=1,AE9,0)/100+AF9*'参数'!$B$15/100+AG9/100 | AO9: =1+(AH9-AI9)/100 | AP9: =IF(C9=0,0,FLOOR(D9/100*AJ9*AK9*AL9*AM9*AN9*AO9,1))
A10: 莫莉德尔 | B10: 攻坚反击(仪式) | C10: 0 | D10: 400 | E10: 1 | F10: =VLOOKUP($A10,'角色属性'!$A$2:$I$5,2,0) | G10: 0 | H10: 0 | I10: =IF($E10=1,'参数'!$B$4,'参数'!$B$5) | J10: 0 | K10: 0 | L10: =VLOOKUP($A10,'角色属性'!$A$2:$I$5,8,0) | M10: =VLOOKUP($A10,'角色属性'!$A$2:$I$5,7,0) | N10: ='参数'!$B$17 | O10: ='参数'!$B$18 | P10: ='参数'!$B$19 | Q10: =IF($AA10=2,'参数'!$B$32,0) | R10: 2 | S10: =IF(OR(ISNUMBER(SEARCH("反击",$B10)),$B10="高温回火"),'参数'!$B$20,0) | T10: =M10+N10+O10+P10+Q10*R10+S10 | U10: ='参数'!$B$8 | V10: 0 | W10: =VLOOKUP($A10,'角色属性'!$A$2:$I$5,3,0) | X10: ='参数'!$B$6 | Y10: =VLOOKUP($A10,'角色属性'!$A$2:$I$5,4,0)+'参数'!$B$24+'参数'!$B$25 | Z10: ='参数'!$B$7 | AA10: 2 | AB10: =VLOOKUP($A10,'角色属性'!$A$2:$I$5,5,0)+'参数'!$B$22 | AC10: =VLOOKUP($A10,'角色属性'!$A$2:$I$5,6,0)+'参数'!$B$23 | AD10: 0 | AE10: ='参数'!$B$9 | AF10: ='参数'!$B$14 | AG10: 0 | AH10: ='参数'!$B$12 | AI10: ='参数'!$B$13 | AJ10: =MAX(F10*(1+(G10-H10)/100)-I10*(1+(J10-K10)/100)*(1-L10/100),F10*0.1) | AK10: =MAX(1+(T10-U10)/100,0.3) | AL10: =IF(V10=1,MAX(1,(Y10-Z10)/100),1) | AM10: =MAX(1,1+IF(AA10=1,AB10,AC10)/100) | AN10: =1+IF(AD10=1,AE10,0)/100+AF10*'参数'!$B$15/100+AG10/100 | AO10: =1+(AH10-AI10)/100 | AP10: =IF(C10=0,0,FLOOR(D10/100*AJ10*AK10*AL10*AM10*AN10*AO10,1))
A11: 莫莉德尔 | B11: 闪击反击(将过往摧毁) | C11: 0 | D11: 100 | E11: 1 | F11: =VLOOKUP($A11,'角色属性'!$A$2:$I$5,2,0) | G11: 0 | H11: 0 | I11: =IF($E11=1,'参数'!$B$4,'参数'!$B$5) | J11: 0 | K11: 0 | L11: =VLOOKUP($A11,'角色属性'!$A$2:$I$5,8,0) | M11: =VLOOKUP($A11,'角色属性'!$A$2:$I$5,7,0) | N11: ='参数'!$B$17 | O11: ='参数'!$B$18 | P11: ='参数'!$B$19 | Q11: 0 | R11: 2 | S11: =IF(OR(ISNUMBER(SEARCH("反击",$B11)),$B11="高温回火"),'参数'!$B$20,0) | T11: =M11+N11+O11+P11+Q11*R11+S11 | U11: ='参数'!$B$8 | V11: 0 | W11: =VLOOKUP($A11,'角色属性'!$A$2:$I$5,3,0) | X11: ='参数'!$B$6 | Y11: =VLOOKUP($A11,'角色属性'!$A$2:$I$5,4,0)+'参数'!$B$24+'参数'!$B$25 | Z11: ='参数'!$B$7 | AA11: 1 | AB11: =VLOOKUP($A11,'角色属性'!$A$2:$I$5,5,0)+'参数'!$B$22 | AC11: =VLOOKUP($A11,'角色属性'!$A$2:$I$5,6,0)+'参数'!$B$23 | AD11: 0 | AE11: ='参数'!$B$9 | AF11: ='参数'!$B$14 | AG11: 0 | AH11: ='参数'!$B$12 | AI11: ='参数'!$B$13 | AJ11: =MAX(F11*(1+(G11-H11)/100)-I11*(1+(J11-K11)/100)*(1-L11/100),F11*0.1) | AK11: =MAX(1+(T11-U11)/100,0.3) | AL11: =IF(V11=1,MAX(1,(Y11-Z11)/100),1) | AM11: =MAX(1,1+IF(AA11=1,AB11,AC11)/100) | AN11: =1+IF(AD11=1,AE11,0)/100+AF11*'参数'!$B$15/100+AG11/100 | AO11: =1+(AH11-AI11)/100 | AP11: =IF(C11=0,0,FLOOR(D11/100*AJ11*AK11*AL11*AM11*AN11*AO11,1))
A12: 小瑞安侬 | B12: 囫囵吞咒 1阶 | C12: 0 | D12: 200 | E12: 0 | F12: =VLOOKUP($A12,'角色属性'!$A$2:$I$5,2,0) | G12: 0 | H12: 0 | I12: =IF($E12=1,'参数'!$B$4,'参数'!$B$5) | J12: 0 | K12: 0 | L12: =VLOOKUP($A12,'角色属性'!$A$2:$I$5,8,0) | M12: =VLOOKUP($A12,'角色属性'!$A$2:$I$5,7,0) | N12: ='参数'!$B$17 | O12: ='参数'!$B$18 | P12: ='参数'!$B$19 | Q12: 0 | R12: 2 | S12: =IF(OR(ISNUMBER(SEARCH("反击",$B12)),$B12="高温回火"),'参数'!$B$20,0) | T12: =M12+N12+O12+P12+Q12*R12+S12 | U12: ='参数'!$B$8 | V12: 0 | W12: =VLOOKUP($A12,'角色属性'!$A$2:$I$5,3,0) | X12: ='参数'!$B$6 | Y12: =VLOOKUP($A12,'角色属性'!$A$2:$I$5,4,0)+'参数'!$B$24+'参数'!$B$25 | Z12: ='参数'!$B$7 | AA12: 1 | AB12: =VLOOKUP($A12,'角色属性'!$A$2:$I$5,5,0)+'参数'!$B$22 | AC12: =VLOOKUP($A12,'角色属性'!$A$2:$I$5,6,0)+'参数'!$B$23 | AD12: 0 | AE12: ='参数'!$B$9 | AF12: ='参数'!$B$14 | AG12: 0 | AH12: ='参数'!$B$12 | AI12: ='参数'!$B$13 | AJ12: =MAX(F12*(1+(G12-H12)/100)-I12*(1+(J12-K12)/100)*(1-L12/100),F12*0.1) | AK12: =MAX(1+(T12-U12)/100,0.3) | AL12: =IF(V12=1,MAX(1,(Y12-Z12)/100),1) | AM12: =MAX(1,1+IF(AA12=1,AB12,AC12)/100) | AN12: =1+IF(AD12=1,AE12,0)/100+AF12*'参数'!$B$15/100+AG12/100 | AO12: =1+(AH12-AI12)/100 | AP12: =IF(C12=0,0,FLOOR(D12/100*AJ12*AK12*AL12*AM12*AN12*AO12,1))
A13: 小瑞安侬 | B13: 囫囵吞咒·加护 1阶 | C13: 0 | D13: 400 | E13: 0 | F13: =VLOOKUP($A13,'角色属性'!$A$2:$I$5,2,0) | G13: 0 | H13: 0 | I13: =IF($E13=1,'参数'!$B$4,'参数'!$B$5) | J13: 0 | K13: 0 | L13: =VLOOKUP($A13,'角色属性'!$A$2:$I$5,8,0) | M13: =VLOOKUP($A13,'角色属性'!$A$2:$I$5,7,0) | N13: ='参数'!$B$17 | O13: ='参数'!$B$18 | P13: ='参数'!$B$19 | Q13: 0 | R13: 2 | S13: =IF(OR(ISNUMBER(SEARCH("反击",$B13)),$B13="高温回火"),'参数'!$B$20,0) | T13: =M13+N13+O13+P13+Q13*R13+S13 | U13: ='参数'!$B$8 | V13: 0 | W13: =VLOOKUP($A13,'角色属性'!$A$2:$I$5,3,0) | X13: ='参数'!$B$6 | Y13: =VLOOKUP($A13,'角色属性'!$A$2:$I$5,4,0)+'参数'!$B$24+'参数'!$B$25 | Z13: ='参数'!$B$7 | AA13: 1 | AB13: =VLOOKUP($A13,'角色属性'!$A$2:$I$5,5,0)+'参数'!$B$22 | AC13: =VLOOKUP($A13,'角色属性'!$A$2:$I$5,6,0)+'参数'!$B$23 | AD13: 0 | AE13: ='参数'!$B$9 | AF13: ='参数'!$B$14 | AG13: 0 | AH13: ='参数'!$B$12 | AI13: ='参数'!$B$13 | AJ13: =MAX(F13*(1+(G13-H13)/100)-I13*(1+(J13-K13)/100)*(1-L13/100),F13*0.1) | AK13: =MAX(1+(T13-U13)/100,0.3) | AL13: =IF(V13=1,MAX(1,(Y13-Z13)/100),1) | AM13: =MAX(1,1+IF(AA13=1,AB13,AC13)/100) | AN13: =1+IF(AD13=1,AE13,0)/100+AF13*'参数'!$B$15/100+AG13/100 | AO13: =1+(AH13-AI13)/100 | AP13: =IF(C13=0,0,FLOOR(D13/100*AJ13*AK13*AL13*AM13*AN13*AO13,1))
A14: 小瑞安侬 | B14: 悄冥冥术阵 | C14: 0 | D14: 0 | E14: 0 | F14: =VLOOKUP($A14,'角色属性'!$A$2:$I$5,2,0) | G14: 0 | H14: 0 | I14: =IF($E14=1,'参数'!$B$4,'参数'!$B$5) | J14: 0 | K14: 0 | L14: =VLOOKUP($A14,'角色属性'!$A$2:$I$5,8,0) | M14: =VLOOKUP($A14,'角色属性'!$A$2:$I$5,7,0) | N14: ='参数'!$B$17 | O14: ='参数'!$B$18 | P14: ='参数'!$B$19 | Q14: 0 | R14: 2 | S14: =IF(OR(ISNUMBER(SEARCH("反击",$B14)),$B14="高温回火"),'参数'!$B$20,0) | T14: =M14+N14+O14+P14+Q14*R14+S14 | U14: ='参数'!$B$8 | V14: 0 | W14: =VLOOKUP($A14,'角色属性'!$A$2:$I$5,3,0) | X14: ='参数'!$B$6 | Y14: =VLOOKUP($A14,'角色属性'!$A$2:$I$5,4,0)+'参数'!$B$24+'参数'!$B$25 | Z14: ='参数'!$B$7 | AA14: 1 | AB14: =VLOOKUP($A14,'角色属性'!$A$2:$I$5,5,0)+'参数'!$B$22 | AC14: =VLOOKUP($A14,'角色属性'!$A$2:$I$5,6,0)+'参数'!$B$23 | AD14: 0 | AE14: ='参数'!$B$9 | AF14: ='参数'!$B$14 | AG14: 0 | AH14: ='参数'!$B$12 | AI14: ='参数'!$B$13 | AJ14: =MAX(F14*(1+(G14-H14)/100)-I14*(1+(J14-K14)/100)*(1-L14/100),F14*0.1) | AK14: =MAX(1+(T14-U14)/100,0.3) | AL14: =IF(V14=1,MAX(1,(Y14-Z14)/100),1) | AM14: =MAX(1,1+IF(AA14=1,AB14,AC14)/100) | AN14: =1+IF(AD14=1,AE14,0)/100+AF14*'参数'!$B$15/100+AG14/100 | AO14: =1+(AH14-AI14)/100 | AP14: =IF(C14=0,0,FLOOR(D14/100*AJ14*AK14*AL14*AM14*AN14*AO14,1))
A15: 小瑞安侬 | B15: 虫虫黑莓唤回术 | C15: 0 | D15: 1500 | E15: 0 | F15: =VLOOKUP($A15,'角色属性'!$A$2:$I$5,2,0) | G15: 0 | H15: 0 | I15: =IF($E15=1,'参数'!$B$4,'参数'!$B$5) | J15: 0 | K15: 0 | L15: =VLOOKUP($A15,'角色属性'!$A$2:$I$5,8,0) | M15: =VLOOKUP($A15,'角色属性'!$A$2:$I$5,7,0) | N15: ='参数'!$B$17 | O15: ='参数'!$B$18 | P15: ='参数'!$B$19 | Q15: 0 | R15: 2 | S15: =IF(OR(ISNUMBER(SEARCH("反击",$B15)),$B15="高温回火"),'参数'!$B$20,0) | T15: =M15+N15+O15+P15+Q15*R15+S15 | U15: ='参数'!$B$8 | V15: 0 | W15: =VLOOKUP($A15,'角色属性'!$A$2:$I$5,3,0) | X15: ='参数'!$B$6 | Y15: =VLOOKUP($A15,'角色属性'!$A$2:$I$5,4,0)+'参数'!$B$24+'参数'!$B$25 | Z15: ='参数'!$B$7 | AA15: 1 | AB15: =VLOOKUP($A15,'角色属性'!$A$2:$I$5,5,0)+'参数'!$B$22 | AC15: =VLOOKUP($A15,'角色属性'!$A$2:$I$5,6,0)+'参数'!$B$23 | AD15: 0 | AE15: ='参数'!$B$9 | AF15: ='参数'!$B$14 | AG15: 0 | AH15: ='参数'!$B$12 | AI15: ='参数'!$B$13 | AJ15: =MAX(F15*(1+(G15-H15)/100)-I15*(1+(J15-K15)/100)*(1-L15/100),F15*0.1) | AK15: =MAX(1+(T15-U15)/100,0.3) | AL15: =IF(V15=1,MAX(1,(Y15-Z15)/100),1) | AM15: =MAX(1,1+IF(AA15=1,AB15,AC15)/100) | AN15: =1+IF(AD15=1,AE15,0)/100+AF15*'参数'!$B$15/100+AG15/100 | AO15: =1+(AH15-AI15)/100 | AP15: =IF(C15=0,0,FLOOR(D15/100*AJ15*AK15*AL15*AM15*AN15*AO15,1))
A16: J | B16: 硬度测试 1阶 | C16: 0 | D16: 360 | E16: 1 | F16: =VLOOKUP($A16,'角色属性'!$A$2:$I$5,2,0) | G16: 0 | H16: 0 | I16: =IF($E16=1,'参数'!$B$4,'参数'!$B$5) | J16: 0 | K16: 0 | L16: =VLOOKUP($A16,'角色属性'!$A$2:$I$5,8,0) | M16: =VLOOKUP($A16,'角色属性'!$A$2:$I$5,7,0) | N16: ='参数'!$B$17 | O16: ='参数'!$B$18 | P16: ='参数'!$B$19 | Q16: 0 | R16: 2 | S16: =IF(OR(ISNUMBER(SEARCH("反击",$B16)),$B16="高温回火"),'参数'!$B$20,0) | T16: =M16+N16+O16+P16+Q16*R16+S16 | U16: ='参数'!$B$8 | V16: 0 | W16: =VLOOKUP($A16,'角色属性'!$A$2:$I$5,3,0) | X16: ='参数'!$B$6 | Y16: =VLOOKUP($A16,'角色属性'!$A$2:$I$5,4,0)+'参数'!$B$24+'参数'!$B$25 | Z16: ='参数'!$B$7 | AA16: 1 | AB16: =VLOOKUP($A16,'角色属性'!$A$2:$I$5,5,0)+'参数'!$B$22 | AC16: =VLOOKUP($A16,'角色属性'!$A$2:$I$5,6,0)+'参数'!$B$23 | AD16: 0 | AE16: ='参数'!$B$9 | AF16: ='参数'!$B$14 | AG16: 0 | AH16: ='参数'!$B$12 | AI16: ='参数'!$B$13 | AJ16: =MAX(F16*(1+(G16-H16)/100)-I16*(1+(J16-K16)/100)*(1-L16/100),F16*0.1) | AK16: =MAX(1+(T16-U16)/100,0.3) | AL16: =IF(V16=1,MAX(1,(Y16-Z16)/100),1) | AM16: =MAX(1,1+IF(AA16=1,AB16,AC16)/100) | AN16: =1+IF(AD16=1,AE16,0)/100+AF16*'参数'!$B$15/100+AG16/100 | AO16: =1+(AH16-AI16)/100 | AP16: =IF(C16=0,0,FLOOR(D16/100*AJ16*AK16*AL16*AM16*AN16*AO16,1))
A17: J | B17: 热处理 | C17: 0 | D17: 0 | E17: 1 | F17: =VLOOKUP($A17,'角色属性'!$A$2:$I$5,2,0) | G17: 0 | H17: 0 | I17: =IF($E17=1,'参数'!$B$4,'参数'!$B$5) | J17: 0 | K17: 0 | L17: =VLOOKUP($A17,'角色属性'!$A$2:$I$5,8,0) | M17: =VLOOKUP($A17,'角色属性'!$A$2:$I$5,7,0) | N17: ='参数'!$B$17 | O17: ='参数'!$B$18 | P17: ='参数'!$B$19 | Q17: 0 | R17: 2 | S17: =IF(OR(ISNUMBER(SEARCH("反击",$B17)),$B17="高温回火"),'参数'!$B$20,0) | T17: =M17+N17+O17+P17+Q17*R17+S17 | U17: ='参数'!$B$8 | V17: 0 | W17: =VLOOKUP($A17,'角色属性'!$A$2:$I$5,3,0) | X17: ='参数'!$B$6 | Y17: =VLOOKUP($A17,'角色属性'!$A$2:$I$5,4,0)+'参数'!$B$24+'参数'!$B$25 | Z17: ='参数'!$B$7 | AA17: 1 | AB17: =VLOOKUP($A17,'角色属性'!$A$2:$I$5,5,0)+'参数'!$B$22 | AC17: =VLOOKUP($A17,'角色属性'!$A$2:$I$5,6,0)+'参数'!$B$23 | AD17: 0 | AE17: ='参数'!$B$9 | AF17: ='参数'!$B$14 | AG17: 0 | AH17: ='参数'!$B$12 | AI17: ='参数'!$B$13 | AJ17: =MAX(F17*(1+(G17-H17)/100)-I17*(1+(J17-K17)/100)*(1-L17/100),F17*0.1) | AK17: =MAX(1+(T17-U17)/100,0.3) | AL17: =IF(V17=1,MAX(1,(Y17-Z17)/100),1) | AM17: =MAX(1,1+IF(AA17=1,AB17,AC17)/100) | AN17: =1+IF(AD17=1,AE17,0)/100+AF17*'参数'!$B$15/100+AG17/100 | AO17: =1+(AH17-AI17)/100 | AP17: =IF(C17=0,0,FLOOR(D17/100*AJ17*AK17*AL17*AM17*AN17*AO17,1))
A18: J | B18: 飞跃海特街！ | C18: 0 | D18: 700 | E18: 1 | F18: =VLOOKUP($A18,'角色属性'!$A$2:$I$5,2,0) | G18: 0 | H18: 0 | I18: =IF($E18=1,'参数'!$B$4,'参数'!$B$5) | J18: 0 | K18: 0 | L18: =VLOOKUP($A18,'角色属性'!$A$2:$I$5,8,0) | M18: =VLOOKUP($A18,'角色属性'!$A$2:$I$5,7,0) | N18: ='参数'!$B$17 | O18: ='参数'!$B$18 | P18: ='参数'!$B$19 | Q18: =IF($AA18=2,'参数'!$B$32,0) | R18: 2 | S18: =IF(OR(ISNUMBER(SEARCH("反击",$B18)),$B18="高温回火"),'参数'!$B$20,0) | T18: =M18+N18+O18+P18+Q18*R18+S18 | U18: ='参数'!$B$8 | V18: 0 | W18: =VLOOKUP($A18,'角色属性'!$A$2:$I$5,3,0) | X18: ='参数'!$B$6 | Y18: =VLOOKUP($A18,'角色属性'!$A$2:$I$5,4,0)+'参数'!$B$24+'参数'!$B$25 | Z18: ='参数'!$B$7 | AA18: 2 | AB18: =VLOOKUP($A18,'角色属性'!$A$2:$I$5,5,0)+'参数'!$B$22 | AC18: =VLOOKUP($A18,'角色属性'!$A$2:$I$5,6,0)+'参数'!$B$23 | AD18: 0 | AE18: ='参数'!$B$9 | AF18: ='参数'!$B$14 | AG18: 0 | AH18: ='参数'!$B$12 | AI18: ='参数'!$B$13 | AJ18: =MAX(F18*(1+(G18-H18)/100)-I18*(1+(J18-K18)/100)*(1-L18/100),F18*0.1) | AK18: =MAX(1+(T18-U18)/100,0.3) | AL18: =IF(V18=1,MAX(1,(Y18-Z18)/100),1) | AM18: =MAX(1,1+IF(AA18=1,AB18,AC18)/100) | AN18: =1+IF(AD18=1,AE18,0)/100+AF18*'参数'!$B$15/100+AG18/100 | AO18: =1+(AH18-AI18)/100 | AP18: =IF(C18=0,0,FLOOR(D18/100*AJ18*AK18*AL18*AM18*AN18*AO18,1))
A19: J | B19: 高温回火 | C19: 0 | D19: 300 | E19: 1 | F19: =VLOOKUP($A19,'角色属性'!$A$2:$I$5,2,0) | G19: 0 | H19: 0 | I19: =IF($E19=1,'参数'!$B$4,'参数'!$B$5) | J19: 0 | K19: 0 | L19: =VLOOKUP($A19,'角色属性'!$A$2:$I$5,8,0) | M19: =VLOOKUP($A19,'角色属性'!$A$2:$I$5,7,0) | N19: ='参数'!$B$17 | O19: ='参数'!$B$18 | P19: ='参数'!$B$19 | Q19: 0 | R19: 2 | S19: =IF(OR(ISNUMBER(SEARCH("反击",$B19)),$B19="高温回火"),'参数'!$B$20,0) | T19: =M19+N19+O19+P19+Q19*R19+S19 | U19: ='参数'!$B$8 | V19: 0 | W19: =VLOOKUP($A19,'角色属性'!$A$2:$I$5,3,0) | X19: ='参数'!$B$6 | Y19: =VLOOKUP($A19,'角色属性'!$A$2:$I$5,4,0)+'参数'!$B$24+'参数'!$B$25 | Z19: ='参数'!$B$7 | AA19: 1 | AB19: =VLOOKUP($A19,'角色属性'!$A$2:$I$5,5,0)+'参数'!$B$22 | AC19: =VLOOKUP($A19,'角色属性'!$A$2:$I$5,6,0)+'参数'!$B$23 | AD19: 0 | AE19: ='参数'!$B$9 | AF19: ='参数'!$B$14 | AG19: 0 | AH19: ='参数'!$B$12 | AI19: ='参数'!$B$13 | AJ19: =MAX(F19*(1+(G19-H19)/100)-I19*(1+(J19-K19)/100)*(1-L19/100),F19*0.1) | AK19: =MAX(1+(T19-U19)/100,0.3) | AL19: =IF(V19=1,MAX(1,(Y19-Z19)/100),1) | AM19: =MAX(1,1+IF(AA19=1,AB19,AC19)/100) | AN19: =1+IF(AD19=1,AE19,0)/100+AF19*'参数'!$B$15/100+AG19/100 | AO19: =1+(AH19-AI19)/100 | AP19: =IF(C19=0,0,FLOOR(D19/100*AJ19*AK19*AL19*AM19*AN19*AO19,1))

Sheet 单回合汇总
A1: 单回合队伍总伤 | B1: =SUMIF('行动计算'!$C$2:$C$19,1,'行动计算'!$AP$2:$AP$19)
A3: 使用说明
A4: 1. 黄色单元格为输入项；黑色单元格为公式自动计算。
A5: 2. “生效(1/0)”设为 1 的行动会计入单回合总伤，设为 0 不计入。
A6: 3. 攻防项 = max(进战攻击×(1+攻击提升-攻击降低) - 进战防御×(1+防御提升-防御降低)×(1-穿透), 进战攻击×10%)
A7: 4. 创伤项 = max(1 + 我方创伤加成合计 - 敌方受创减免, 0.3)
A8: 5. 暴创项 = 暴击时 max(1, 暴击创伤-敌方暴击防御)/100，非暴击为 1。
A9: 6. 威力项 = max(1, 1 + 对应威力/100)；术法行动用术法威力，仪式行动用仪式威力。
A10: 7. 克制项 = 1 + 是否克制×基础克制系数/100 + 灵犀层数×灵犀每层/100 + 其他克制/100。
A11: 8. 最终项 = 1 + 最终增伤/100 - 最终免伤/100。
A12: 9. 伤害 = floor(倍率/100 × 攻防项 × 创伤项 × 暴创项 × 威力项 × 克制项 × 最终项)。
A13: 10. 战备层数会在仪式行动中自动引用“参数”表的莫莉德尔战备层数；反击创伤% 会自动只对反击类行动生效。
A14: 11. 暴击创伤% 会自动加上“昨日雨声轻暴击创伤”和“家庭指导员暴击创伤”。
